area,bedrooms,open_sides,floors,location_score,price
3581.29,2,4,3,6.96,11702208.57
2346.79,2,4,1,2.8,7561942.69
4514.21,2,1,1,6.36,14336808.45
1588.34,2,1,1,6.45,5620477.22
2716.81,1,4,1,5.36,8805414.92
2609.12,2,2,1,7.71,8751935.85
3156.04,1,3,1,2.42,9842127.63
4777.73,1,2,1,7.78,15252746.05
3072.26,6,4,1,9.03,10546226.71
574.65,2,2,1,8.35,2803838.83
1060.98,1,3,3,8.07,4045921.42
3926.8,6,2,3,7.11,12947609.77
1856.2,1,3,3,2.79,5972643.14
548.77,6,4,3,4.02,2536483.0
2303.83,4,1,2,4.04,7607604.94
2139.21,1,4,2,6.21,7182986.78
1973.74,4,4,3,1.22,6414185.48
4937.0,1,3,1,5.19,15467053.21
1126.72,1,1,1,2.05,3682836.14
4550.08,5,3,1,1.95,14087249.75
1821.16,4,4,1,5.48,6329731.01
4937.95,5,4,3,7.83,16035491.05
2812.95,4,3,1,8.31,9474188.34
1936.91,6,3,1,9.88,7084900.95
703.48,5,4,2,7.82,3236021.42
3330.24,4,3,3,5.13,10742151.16
2251.41,4,3,3,3.41,7455184.49
4669.64,4,2,3,7.07,14956230.33
4769.98,3,2,3,3.02,14836526.61
1814.65,2,3,3,8.63,6593543.4
3613.53,2,2,2,9.79,12033500.11
4178.5,1,4,2,1.05,12744274.76
4174.7,4,1,2,4.12,13285680.11
4864.59,4,4,3,6.72,15633218.6
4275.04,2,3,3,9.32,13966185.97
1428.5,4,2,2,2.25,4946537.63
1000.39,1,4,3,4.64,3673899.88
985.51,6,2,1,2.98,3621402.25
3325.55,5,4,3,6.57,11051301.13
2249.05,6,2,3,8.44,8016430.72
820.35,4,1,3,5.69,3378495.48
3332.29,4,1,1,4.37,10777293.82
2353.28,5,3,1,9.08,8321145.46
2894.51,5,3,1,7.73,9777482.13
2788.57,5,3,3,4.43,9145524.25
3290.33,5,2,2,2.11,10474766.85
2101.88,6,1,1,5.5,7160097.44
1785.7,4,2,1,8.63,6549804.76
2055.63,1,2,2,8.07,7183089.02
3776.97,6,3,1,3.78,12085220.92
1296.55,1,3,2,1.62,4256741.55
774.85,4,1,3,5.45,3134933.95
947.49,3,4,1,2.28,3401827.58
2942.26,5,2,2,6.03,9763381.27
2853.94,4,4,2,7.36,9677034.99
4133.48,6,3,2,9.75,13767012.13
601.11,2,3,1,1.96,2102610.43
4939.88,2,3,3,7.43,15843725.17
4793.23,3,4,3,5.17,15232561.09
2246.76,1,3,3,8.85,7878981.07
4330.12,5,3,3,9.45,14269857.7
551.09,2,1,1,1.12,1847199.05
2069.91,6,3,3,7.99,7478938.86
964.06,6,4,1,6.24,3964297.2
2268.94,5,1,3,2.3,7380176.96
4683.64,5,3,1,4.26,14943377.22
2861.4,2,1,3,6.6,9418636.24
2160.11,1,2,1,1.99,6808225.84
878.63,5,3,1,2.05,3251447.79
4288.23,5,4,1,3.73,13640060.44
2566.11,5,3,2,6.14,8673582.2
3975.43,1,4,2,8.08,12971725.35
995.23,1,1,3,2.62,3339782.64
1989.04,4,4,3,8.94,7132647.07
2365.81,2,4,1,9.23,8232449.21
878.48,4,1,2,7.99,3641624.14
1635.97,5,3,1,6.8,5983225.24
4864.61,6,4,3,8.75,15895251.89
3252.74,3,4,3,2.3,10262116.6
3524.61,3,1,3,5.81,11342128.04
3636.57,1,1,1,7.65,11670342.99
4158.05,2,1,3,5.06,13176546.48
1143.46,5,1,3,7.88,4556236.82
4526.72,1,1,3,1.3,13912616.32
2303.43,1,3,3,3.55,7493567.92
2102.44,5,1,2,1.6,6763835.15
2874.65,2,3,2,1.39,8939376.52
1963.99,4,4,2,1.86,6418994.65
2999.44,4,1,3,5.94,9803472.63
2834.56,2,3,1,2.07,8872229.77
4661.12,4,3,2,1.18,14406559.66
3160.74,2,3,2,7.32,10435763.71
1733.25,2,3,3,6.25,6111403.75
3057.39,3,1,1,6.45,9991211.9
2841.38,5,2,2,9.85,9886525.11
1267.36,6,3,3,2.33,4567841.5
846.41,4,1,3,3.42,3113736.04
3433.83,3,4,3,1.93,10801384.53
1567.52,2,1,2,6.55,5520513.03
4942.74,5,1,3,4.48,15601129.0
746.43,1,4,2,7.84,3235828.81
792.73,4,4,1,7.12,3365018.68
2832.48,3,1,1,2.98,8981247.66
1297.0,2,1,1,4.36,4453231.15
4957.27,5,1,2,5.79,15744520.56
4731.04,6,4,2,7.68,15454220.81
1633.02,2,4,2,3.81,5583779.4
2932.86,3,2,2,4.45,9562233.02
2378.35,5,4,1,1.28,7673275.05
3767.41,6,4,1,3.55,12028940.75
4354.2,1,4,3,5.02,13754222.5
1331.85,1,2,3,2.84,4426387.26
1621.82,1,1,3,7.78,5709010.74
1049.17,4,2,3,2.29,3672271.65
2025.63,2,1,1,7.1,6881576.53
4776.07,4,3,2,4.23,15002052.75
3989.87,2,2,1,3.86,12435070.12
2287.79,6,3,2,8.69,8200377.39
2756.82,4,1,3,8.75,9447740.67
1190.08,6,4,1,4.04,4406630.56
838.12,6,2,2,2.96,3198273.14
1725.38,4,2,1,7.14,6166723.47
841.38,3,3,2,4.65,3221792.74
1613.07,6,1,2,3.03,5464115.75
3094.32,3,2,3,6.69,10280504.96
3890.2,3,1,3,8.87,12771676.45
1819.45,6,2,2,7.78,6677862.01
2340.29,5,4,1,8.79,8210360.05
3504.01,1,1,2,5.6,11207166.11
3750.14,3,1,3,4.66,12016036.66
3385.16,5,2,1,6.43,11235167.83
2293.27,1,2,3,2.01,7264944.7
3093.3,3,4,1,3.09,9894976.45
1954.41,3,4,1,2.42,6388781.89
1248.28,4,1,2,1.68,4215513.07
2396.41,4,1,2,9.22,8415404.32
881.77,6,3,2,3.0,3415591.58
1081.22,3,3,3,8.43,4347366.87
1618.2,5,3,3,8.36,6138315.68
4849.95,6,4,2,2.57,15286678.78
3403.28,3,2,2,3.82,10832292.21
621.93,6,3,1,4.15,2618725.48
618.65,2,2,3,3.76,2470337.85
2983.58,4,2,2,2.36,9538328.41
1660.74,1,1,3,2.72,5318957.54
665.07,2,1,1,1.49,2219072.86
1764.21,2,3,2,4.17,5941526.69
872.59,6,1,3,1.83,3173486.74
1544.96,4,4,3,6.06,5596262.93
3158.75,3,4,2,1.27,10027467.29
3290.6,5,2,3,1.93,10374639.29
1174.63,4,3,1,8.69,4782044.11
1528.89,6,4,2,6.89,5659622.09
1407.32,6,2,2,2.57,4884532.41
3421.45,4,4,2,2.87,10858077.3
827.43,6,4,3,8.72,3849950.99
2729.71,1,4,2,6.17,8987758.79
1194.63,2,4,3,9.87,4826690.91
2714.52,2,3,1,1.05,8421315.28
4862.62,2,4,2,6.57,15545845.54
2295.51,5,1,1,6.54,7798598.39
1718.35,6,4,3,6.38,6250969.58
1201.98,5,2,1,2.38,4198851.04
1026.8,1,4,3,2.03,3519616.3
4127.91,4,2,2,5.15,13147135.94
1949.36,4,4,1,1.55,6203205.06
2586.64,2,2,2,4.83,8465526.09
3357.92,4,1,2,8.08,11152186.06
531.28,5,3,3,8.65,2885915.23
3390.89,4,2,3,4.99,10998375.93
4578.59,6,2,3,8.39,14987617.72
3271.33,2,1,1,5.65,10477614.39
3406.63,4,1,3,6.35,11149332.32
569.55,2,4,1,5.73,2511764.45
694.22,1,4,3,3.08,2570426.9
4321.51,1,1,1,5.68,13653006.81
2287.33,1,4,3,5.87,7720908.14
1009.57,5,3,2,9.5,4274447.15
2193.17,5,4,1,2.83,7208976.93
2165.71,6,4,1,6.25,7556627.62
1187.87,2,2,2,7.22,4426293.66
1330.34,5,1,3,5.54,4825314.24
3089.63,1,2,2,1.69,9586265.88
1130.38,6,3,2,9.46,4712355.51
1591.12,1,2,1,1.38,4939164.26
1231.78,3,3,3,4.12,4386982.36
2759.88,3,4,3,7.26,9284507.34
554.7,2,2,3,5.62,2469932.4
4920.7,3,1,2,2.95,15316009.77
1471.19,3,3,2,6.37,5337633.58
524.85,6,4,2,5.92,2629130.53
3324.69,2,1,3,7.18,10877531.32
2632.83,6,1,1,2.19,8425306.92
668.07,2,4,1,1.14,2285284.0
4792.68,3,2,1,5.06,15100485.37
3316.37,5,4,2,7.49,11122581.58
2712.27,1,4,3,7.42,9038969.13
867.92,1,1,3,6.7,3388600.54
2483.43,5,1,2,1.79,7911231.22
2955.28,3,4,3,8.28,10016865.87
2384.47,1,2,3,1.74,7459659.39
2266.0,3,2,1,2.72,7303196.41
4447.4,5,1,1,4.27,13964052.55
1963.32,6,4,1,3.79,6736418.69
4757.52,5,4,3,1.37,14718609.04
2167.12,2,1,2,8.5,7563728.12
619.39,2,2,1,3.46,2395869.49
2595.19,1,2,2,8.37,8725602.47
4137.79,3,3,1,7.47,13317642.89
3437.36,5,2,3,8.15,11368834.88
4198.37,2,3,2,7.06,13512156.9
1233.2,4,2,1,1.07,4025203.16
1203.97,5,1,3,8.74,4861816.36
3025.75,5,3,1,3.28,9793599.51
1318.21,1,2,2,1.52,4306015.96
3205.02,1,3,2,5.45,10317959.62
2550.46,5,1,1,1.86,8064463.5
3895.44,2,2,2,6.71,12545614.25
812.13,4,2,2,3.87,3062837.91
1341.7,1,2,3,8.1,5000485.21
3096.07,4,1,3,4.87,10103892.98
3555.96,3,4,2,7.17,11624308.9
4537.47,6,1,3,4.2,14418364.74
4145.51,5,4,2,3.94,13259844.63
661.74,6,4,2,6.89,3112284.31
3350.32,5,1,2,6.69,11006973.4
2716.33,5,1,1,7.26,9145126.8
3368.43,1,2,1,5.44,10688851.57
2834.77,4,4,3,7.95,9593641.26
3807.82,1,4,2,7.5,12348615.16
565.45,1,4,1,2.81,2175468.41
4394.78,2,2,2,9.47,14361144.64
4397.79,6,2,3,9.59,14529388.68
2033.62,5,1,3,4.11,6848166.37
4097.37,5,2,2,1.69,12834620.58
3960.44,2,3,1,5.8,12678423.95
1519.23,1,1,3,1.64,4809019.05
1239.2,1,4,1,4.98,4391379.9
3085.13,3,3,3,8.03,10322614.52
1608.81,2,4,2,9.08,6048188.07
3125.26,3,1,1,9.05,10511747.57
2114.74,2,1,2,3.54,6818281.64
4884.78,6,3,2,7.1,15724009.03
3666.46,4,2,3,1.25,11416484.7
3303.01,4,3,1,6.35,10858039.92
731.65,1,3,3,2.12,2560776.78
2937.35,6,1,2,7.57,9959150.96
590.32,6,1,3,9.54,3071696.0
3485.76,5,1,1,9.47,11716397.56
1113.67,5,2,2,4.86,4220234.14
2716.78,1,2,3,3.86,8765798.15
1782.93,6,1,1,7.15,6338936.55
1031.74,6,4,3,1.12,3709261.94
866.07,2,2,1,8.97,3721023.78
1124.72,6,3,3,1.14,3923692.11
2408.59,4,4,1,5.99,8182525.96
4682.19,3,3,1,4.56,14804131.5
4712.7,1,3,3,4.36,14825709.46
4099.62,2,4,3,4.12,12928654.17
1071.77,4,3,2,4.19,4000227.77
1127.1,2,3,2,8.77,4429360.66
3267.53,5,4,2,9.43,11113772.03
1303.45,3,2,3,4.92,4649542.97
1428.9,4,3,3,2.96,4875984.35
3751.03,5,2,2,1.83,11868028.42
1103.07,6,4,1,4.74,4147581.08
2562.14,5,1,3,2.94,8215853.9
4834.5,6,1,2,5.05,15364561.25
4529.85,1,4,1,3.19,14061807.58
3626.13,2,1,3,9.06,11972978.17
4768.04,4,2,2,8.78,15491491.59
1016.77,1,2,1,9.48,4072120.68
3721.88,2,1,2,6.4,11951202.76
4682.88,6,2,2,1.69,14663695.74
3048.82,1,4,1,3.01,9587571.98
3686.33,2,3,3,5.61,11817047.39
4525.49,3,4,2,7.82,14689629.71
3340.12,4,4,3,2.55,10619007.37
1660.49,5,1,2,6.43,5949253.7
1004.18,2,2,1,7.22,3883534.32
3350.3,4,4,2,9.03,11244186.16
2265.1,4,2,3,4.93,7578424.37
2421.99,4,4,2,8.23,8471836.54
1318.46,5,4,3,9.25,5314592.88
3898.12,2,1,3,8.42,12678123.89
918.96,4,1,1,3.22,3287868.55
2486.89,2,3,1,4.95,8118291.35
654.75,5,2,3,9.13,3281952.48
2000.75,4,2,1,4.38,6720994.79
3171.17,3,2,2,5.09,10278211.58
1115.68,3,3,3,8.51,4528368.29
4099.35,5,3,2,3.66,13063209.55
1680.19,2,1,3,8.14,5951290.86
2742.99,2,4,2,6.75,9083849.19
4998.73,5,1,2,9.63,16225249.54
1803.88,3,2,2,6.66,6365550.25
3597.81,2,1,1,2.24,11090327.02
2366.69,1,2,1,6.02,7859592.33
4130.76,6,4,3,8.77,13740602.95
3481.35,5,2,2,7.87,11539093.82
3363.85,1,3,3,5.88,10819803.13
921.54,1,2,3,5.65,3431244.98
2859.76,2,3,1,4.88,9172483.17
3253.34,5,2,1,6.16,10699816.03
1227.33,5,3,2,8.03,4888061.09
2852.3,2,1,2,4.03,9101899.14
2665.13,2,1,3,2.49,8426854.54
3165.87,3,2,3,7.77,10614412.42
3631.88,3,4,2,4.0,11594964.4
3641.73,1,3,1,1.13,11130024.38
937.29,4,3,2,4.47,3519516.38
891.14,1,2,2,9.58,3761227.95
4643.79,6,1,1,6.31,14933047.45
1525.71,4,1,3,1.88,4978037.78
3818.76,4,1,1,6.82,12311452.86
2105.39,2,4,3,7.97,7359141.17
1186.43,4,4,2,4.39,4349017.17
2840.31,2,2,1,9.0,9541128.24
2702.54,5,3,1,6.03,9072645.4
2154.72,5,2,3,7.66,7606237.53
2014.72,1,4,1,2.4,6492691.93
4115.66,6,2,3,4.46,13206423.1
1458.34,6,3,2,8.05,5619580.15
4177.5,5,1,1,9.41,13827360.34
4727.75,6,2,3,6.34,15202815.62
664.47,1,4,3,8.71,3019714.29
1764.33,6,2,2,8.58,6635153.79
2860.3,1,1,3,2.13,8885380.42
1531.63,3,2,3,5.42,5398488.33
968.49,1,2,3,5.89,3653713.5
4081.07,3,3,1,9.97,13551709.84
2762.06,1,2,2,8.04,9276550.37
732.57,4,1,3,4.0,2794891.95
795.69,4,3,2,4.29,3151974.93
1819.16,6,3,2,5.08,6311333.25
958.02,4,2,2,3.22,3475085.97
4968.34,6,3,3,5.02,15911868.08
4535.44,6,4,3,8.2,14940914.57
1130.51,4,3,2,7.45,4396690.71
4778.21,6,2,3,4.62,15219979.35
4414.53,3,4,2,1.06,13620449.15
2423.93,4,3,1,10.0,8519162.09
3350.88,3,2,3,9.65,11274890.94
1034.68,4,3,2,1.14,3543612.89
4929.81,6,1,1,2.56,15435336.99
1693.41,3,1,3,6.68,5980375.48
3783.23,1,1,3,7.59,12286307.26
4824.82,1,2,1,5.19,15032886.63
2642.23,1,1,2,8.86,8936139.98
4522.52,2,4,2,4.75,14389386.04
1931.02,2,3,2,2.43,6194473.16
2579.03,5,2,2,7.57,8857643.66
2113.1,6,4,2,2.81,7018610.0
2545.43,1,4,3,1.41,8044226.74
1626.09,5,1,1,1.32,5199927.48
4616.89,5,2,1,7.05,14907292.12
4201.7,6,3,3,1.69,13255170.71
4985.93,2,3,2,9.3,16106024.72
4609.58,6,3,3,1.76,14401492.74
4568.71,6,2,1,1.85,14190724.83
2528.78,1,2,2,9.54,8673863.43
3309.07,6,1,2,5.24,10677483.16
3424.84,2,3,3,5.61,11094077.19
1789.44,2,2,3,9.2,6560270.65
4147.49,4,2,3,7.41,13406665.21
3936.23,2,2,2,3.25,12392429.95
2853.79,4,2,1,7.44,9510959.72
1394.22,3,2,3,4.53,4858709.16
2185.76,2,3,3,7.72,7514696.98
1026.04,6,4,1,6.9,4172019.34
1776.99,4,2,3,7.67,6410976.85
2227.51,2,3,3,9.46,7831687.02
4492.46,5,2,1,4.74,14248671.57
940.25,3,4,1,3.53,3405440.38
3710.07,1,1,2,9.77,12219132.33
2798.36,6,3,1,4.1,9218561.02
4258.86,5,1,3,3.04,13416203.85
1442.07,4,3,3,9.54,5653005.06
4939.32,4,4,3,3.08,15467705.09
1038.17,6,2,3,6.49,4086072.7
2680.35,6,2,1,4.26,8801833.74
2382.09,4,4,1,7.97,8265227.73
4776.85,4,2,2,4.36,15044327.78
979.69,5,4,2,5.71,3908300.39
3740.16,5,1,1,9.13,12406879.92
4931.79,4,4,1,6.49,15649464.42
1810.53,2,2,2,4.48,6097074.97
3931.06,5,1,1,8.83,12931561.56
4940.99,2,1,2,3.61,15403206.31
3678.09,6,3,1,4.67,11935519.53
3251.54,6,2,2,3.27,10482465.32
2197.78,3,1,2,5.08,7219578.47
801.84,4,1,1,2.8,2930091.59
3233.95,2,4,3,9.61,11039514.47
629.52,6,3,2,9.0,3152044.68
1748.22,3,2,3,1.44,5694645.26
2077.64,6,1,3,5.63,7183981.38
4421.57,3,3,1,2.17,13745831.33
2733.65,4,2,3,3.16,8812944.77
2622.09,2,1,3,2.53,8314219.83
2945.99,3,3,1,1.14,9217953.01
4237.79,4,3,3,9.88,14038235.56
1176.88,4,2,3,6.3,4486634.31
3634.93,6,1,1,6.61,11889065.96
1435.49,6,4,2,7.39,5517993.0
2456.72,5,4,1,7.2,8366298.79
3821.15,3,4,2,4.25,12209312.02
4424.56,4,4,2,5.7,14204581.31
4829.78,3,4,3,2.64,15112849.74
4845.34,2,1,1,4.88,15192329.52
2804.42,3,3,1,5.51,9314976.59
733.21,1,4,3,1.08,2567703.43
3682.57,5,2,3,1.48,11559328.18
3573.53,3,4,1,4.14,11323649.73
3156.33,1,4,3,3.46,9958561.02
2993.8,6,3,2,4.51,9897992.35
2179.89,1,4,2,6.73,7384193.46
2927.04,3,3,1,2.55,9239381.83
1182.54,4,2,1,9.13,4683912.61
3661.18,2,3,3,2.93,11498666.99
884.07,1,2,1,2.7,3176108.86
614.08,5,4,2,4.85,2733253.87
1645.88,5,1,3,4.29,5696956.0
2224.12,4,2,2,3.29,7357900.36
3579.05,6,2,2,3.94,11613708.3
4026.44,2,4,1,7.36,12982389.47
2476.11,5,2,3,5.93,8358524.71
2896.65,6,1,1,2.03,9281246.33
1567.62,1,2,1,6.0,5478191.89
4639.35,6,3,2,7.07,14968499.07
1038.93,5,1,2,2.54,3664159.94
1451.52,2,1,3,7.17,5279073.33
2346.72,1,3,2,1.19,7289591.28
2342.35,1,1,1,2.03,7376345.9
1127.72,6,1,1,4.74,4121656.43
4627.91,3,1,3,2.4,14339407.24
703.87,6,4,1,9.48,3458718.08
1953.3,2,2,3,5.62,6652459.11
2942.13,6,3,3,8.42,10090870.07
1118.84,3,3,1,3.23,3897936.9
3970.72,1,1,3,4.26,12457641.68
4836.29,5,3,1,2.05,14958272.1
1539.84,5,3,3,4.06,5422002.07
4349.57,3,2,3,5.23,13816871.34
1667.41,3,1,3,9.14,6152546.39
4732.06,2,2,1,6.07,14944961.14
2761.87,6,4,3,1.62,8942703.79
3835.04,1,4,1,5.31,12251922.57
4401.83,5,1,3,9.01,14508897.39
1339.55,5,4,3,9.79,5276687.86
4935.43,3,2,2,5.51,15575360.71
4831.01,1,3,1,5.94,15190230.26
1022.33,5,3,2,2.81,3600842.23
2891.1,5,1,2,8.96,9893232.54
3018.38,3,3,3,4.77,9850019.92
4762.78,5,2,1,6.16,15235257.32
1318.68,2,4,1,3.99,4640685.13
4648.43,2,3,2,4.28,14581534.54
637.25,2,3,1,4.2,2477667.75
3486.52,6,3,2,8.11,11744627.96
4506.19,5,4,2,6.69,14527502.08
4195.66,4,1,3,9.39,13788899.74
2912.43,3,3,2,2.87,9253577.69
1759.7,6,3,1,6.74,6395278.34
1289.17,6,2,3,6.05,4852954.16
2184.22,2,1,1,8.93,7577532.98
1578.03,2,1,3,8.59,5723418.17
4176.82,1,2,2,7.98,13511390.92
2148.63,6,2,3,9.12,7835180.16
4507.37,2,1,2,5.08,14155552.59
832.08,3,3,2,1.63,2886230.96
3228.93,2,4,1,6.41,10529769.5
1606.81,5,4,2,6.37,5839878.7
2039.37,5,1,2,9.73,7471817.59
2608.97,4,4,3,4.69,8681277.05
3180.37,4,2,1,9.78,10844868.34
4910.15,5,1,3,3.74,15463727.46
2019.27,6,1,1,2.92,6687008.01
3988.1,5,1,3,3.66,12660854.01
4772.84,1,1,1,9.4,15385386.93
4751.45,2,3,1,6.73,15183406.55
1706.29,3,4,1,2.59,5647302.74
3663.59,1,4,1,7.88,11900894.74
2573.5,4,3,2,7.09,8706554.76
2581.41,5,1,3,9.33,9075498.3
1935.39,6,4,1,8.15,7062901.62
2117.71,4,1,3,6.98,7393485.6
1059.34,3,2,1,1.89,3619383.37
2414.46,6,4,1,2.51,7949514.62
1284.65,3,2,2,9.42,5141136.6
3923.53,3,4,2,8.36,12929295.28
3910.31,4,1,1,8.07,12893847.17
1134.16,3,1,1,5.64,4224027.72
3345.19,2,4,3,8.16,11100544.35
4169.58,4,1,1,5.79,13314463.14
2630.62,5,3,3,1.1,8390097.99
2124.38,1,4,2,1.47,6789308.89
3793.97,3,4,1,9.05,12568380.16
3997.16,3,3,1,3.57,12641114.02
2208.62,1,4,2,6.83,7535532.64
4397.29,6,2,3,5.87,14158602.73
3398.0,5,4,2,6.88,11264062.91
3383.94,2,1,3,1.15,10440608.49
3820.54,6,4,3,5.49,12537634.13
3247.79,2,1,3,1.67,10133743.8
2507.03,6,2,1,9.22,8878954.14
3864.24,1,2,2,1.4,11823530.3
1978.99,6,2,1,2.83,6573288.77
2535.98,3,4,2,5.21,8472366.04
2315.67,4,4,2,3.38,7609552.31
4831.92,4,1,1,2.86,15035534.75
3064.5,4,1,2,5.62,10108549.48
3068.5,6,4,3,7.32,10313790.72
849.81,3,4,2,4.15,3217932.95
4516.52,6,1,3,7.38,14663376.85
4579.12,3,1,1,5.7,14462663.17
2130.77,4,4,1,9.36,7570618.29
3154.63,6,4,2,7.63,10670627.77
1279.82,1,4,3,9.24,5027827.84
2994.59,3,2,2,5.82,9805712.66
1275.44,1,2,1,1.05,4005761.3
1358.09,2,3,1,6.01,4826591.57
4532.41,5,1,1,5.04,14367880.63
4233.84,6,4,3,1.41,13346978.59
4323.41,4,4,3,7.73,14051695.53
875.75,3,1,3,2.15,3149759.63
3847.76,2,2,1,5.59,12262240.25
1104.87,1,3,2,2.87,3725587.11
1825.1,1,2,2,5.16,6063663.57
1039.39,5,4,3,2.28,3853042.74
1837.05,4,4,3,8.77,6725957.08
2764.11,3,4,1,8.44,9400263.74
4743.09,2,4,1,6.99,15075389.62
2185.43,4,3,2,3.21,7127801.72
1964.3,6,4,1,2.71,6580947.4
1272.56,2,1,1,2.05,4233394.75
3857.2,6,4,3,1.38,12270124.08
3523.52,1,3,1,5.1,11179462.52
1467.23,6,4,2,3.22,5137664.75
4219.06,5,3,1,3.8,13323344.82
3874.82,2,2,1,1.5,11845008.03
1569.37,2,3,1,4.87,5396537.7
1709.05,3,4,3,4.96,5967209.28
1378.59,3,1,3,5.12,4947974.42
4185.96,1,2,1,7.71,13409449.27
3969.1,2,4,3,1.25,12265528.91
4775.28,3,1,1,4.73,15030921.99
1202.69,3,1,1,6.58,4581107.25
799.23,5,4,1,2.4,2995678.61
581.5,5,2,1,5.68,2689469.05
2918.28,4,2,1,5.28,9563580.38
3927.29,2,3,2,5.87,12589382.96
2430.47,2,2,1,8.93,8391092.26
3877.77,6,1,3,7.67,12803522.51
1011.01,5,4,3,8.39,4310041.85
4715.28,1,2,2,6.65,14867339.73
4704.65,2,4,1,3.65,14739025.72
3485.92,2,1,1,2.94,10927122.83
1346.55,4,1,2,6.23,4980543.43
2174.08,2,2,2,3.67,7010540.02
3260.37,1,1,3,4.9,10351205.44
939.52,1,3,2,4.85,3441652.05
4201.42,5,2,3,2.43,13166266.72
1128.98,3,3,3,3.81,4109885.44
3345.38,3,2,3,2.07,10506652.43
1759.91,4,2,1,3.75,5877467.37
4842.62,6,3,3,3.44,15281876.23
3304.84,1,4,1,4.94,10510307.61
2742.65,6,3,2,6.64,9389403.31
1398.53,3,2,2,1.25,4528748.68
2534.98,5,3,1,3.04,8224941.32
1914.6,1,3,1,2.35,6075138.41
2722.08,6,4,1,2.13,8863372.43
4165.11,6,2,1,5.16,13407755.89
1902.7,3,4,3,8.41,6783223.14
785.19,1,4,3,6.68,3271703.48
2896.78,5,2,3,2.84,9407404.21
3622.77,3,2,1,6.19,11785816.57
2971.52,3,2,3,8.09,9950849.99
3780.53,6,4,2,1.55,12000918.24
4722.53,2,4,3,7.36,15209072.58
3282.15,2,2,3,8.77,10895441.35
3526.33,6,1,1,3.95,11277543.62
4142.13,6,1,1,7.69,13623300.37
4448.18,6,4,3,7.53,14459404.62
2232.94,2,4,2,2.92,7269999.15
2941.9,6,3,2,1.45,9349610.64
707.01,5,2,2,6.31,3171114.95
522.78,3,2,1,9.23,2631623.58
3796.57,4,3,1,6.05,12238469.69
2452.33,3,2,2,9.32,8565508.11
676.9,5,1,2,4.41,2765226.74
731.42,5,4,1,8.04,3361744.67
3854.48,1,2,3,8.5,12599530.44
665.99,5,4,3,9.16,3304575.04
1455.53,2,4,1,1.29,4674466.45
2061.29,1,4,1,1.41,6473111.82
683.91,4,4,3,4.73,2887567.13
3102.26,2,1,1,2.84,9808015.62
2071.44,2,4,1,1.65,6582121.2
2865.61,6,2,3,5.37,9490058.86
1298.48,4,3,2,4.87,4629663.53
3814.0,6,2,3,2.8,12257230.83
2724.89,2,2,1,7.27,9050189.63
3522.08,2,4,2,5.15,11280720.82
2840.74,3,2,2,7.96,9545507.59
4383.97,4,4,1,1.09,13571999.03
1074.11,2,3,2,1.71,3680854.04
2186.92,4,4,1,7.69,7670997.81
910.43,2,3,1,9.51,3879704.01
753.69,1,4,1,2.2,2648886.65
2916.98,2,2,2,8.93,9804824.62
4097.35,4,2,1,4.34,13040202.31
650.9,1,3,1,7.63,2810168.94
1198.58,4,4,2,3.63,4321588.37
1029.88,1,2,2,7.6,3985740.33
2190.12,6,1,3,7.04,7621649.7
1869.09,2,3,3,3.48,6217206.45
3350.65,4,3,3,9.46,11353471.49
4261.91,1,3,1,8.2,13782071.68
582.76,2,4,3,9.55,2969736.85
3024.22,6,3,1,2.96,9681636.93
1339.57,6,3,3,8.03,5259732.14
4162.08,4,2,3,4.48,13160749.99
2969.3,3,4,2,5.05,9762661.03
640.32,6,4,2,4.81,2824831.15
3715.68,4,3,1,4.7,11964158.02
4774.1,5,4,2,3.32,14979340.22
3389.14,4,4,2,7.6,11329354.79
1365.3,5,4,1,9.45,5401392.1
3126.45,2,1,3,5.69,10071073.97
924.99,2,2,2,8.46,3761813.89
953.5,5,2,1,9.13,4123289.39
4537.0,5,1,1,4.43,14330426.43
3735.71,4,3,3,6.55,12239610.97
4448.03,2,1,3,4.52,13897958.68
1529.59,4,2,1,5.66,5465935.47
1724.65,3,1,3,8.15,6203117.26
3921.03,3,4,1,3.72,12448586.78
4051.27,6,1,2,9.19,13383836.89
3308.67,6,3,2,3.65,10627728.78
1152.03,1,4,2,1.88,3877211.67
3470.89,2,2,2,8.86,11397323.57
4334.82,2,2,1,7.73,13949528.43
4878.55,1,1,1,7.21,15512465.6
4092.33,4,1,2,8.36,13299104.9
2972.88,1,3,2,9.4,10024053.96
1769.16,1,3,2,5.4,6003608.98
3188.36,5,4,1,5.71,10472931.06
3177.85,1,1,2,1.29,9852459.76
4448.62,4,2,1,4.7,14129372.45
1315.55,2,3,1,6.55,4761140.65
1042.86,6,2,3,7.6,4307663.71
3214.18,5,1,1,6.27,10607621.73
1604.07,4,4,3,3.04,5526655.1
4528.43,3,3,1,1.63,13991180.51
2413.46,6,2,2,3.69,8007144.99
1589.25,2,4,1,7.36,5741501.58
2552.31,5,4,3,8.9,8993792.63
4555.21,2,2,1,4.41,14249123.36
582.0,4,4,2,1.7,2205129.75
609.42,1,4,1,6.77,2634795.59
1902.75,5,1,1,9.01,6934947.92
4181.07,3,2,2,2.1,12946604.36
3709.6,1,1,2,9.06,12248854.04
4984.87,2,4,3,4.88,15753589.59
1594.27,2,2,3,3.82,5397528.19
2624.3,2,3,3,8.52,9003844.12
4955.24,3,1,2,5.88,15548326.58
3969.35,6,2,1,3.44,12568342.33
3833.46,2,4,2,6.56,12376648.66
558.51,4,2,2,2.48,2163181.34
604.72,6,3,2,4.1,2590048.0
4444.94,2,3,3,5.18,14137741.14
1510.72,2,2,3,7.03,5418276.27
2776.5,2,2,2,1.23,8669473.67
2765.38,3,3,2,6.13,9139107.37
3140.79,5,4,1,6.26,10399158.1
861.05,2,4,1,8.96,3577789.84
4891.33,3,4,2,8.08,15793331.35
3324.01,5,4,3,4.15,10895542.92
3243.04,6,4,2,1.14,10194319.88
4380.64,3,4,1,9.13,14333805.52
3549.04,5,2,3,3.85,11373778.62
1293.74,6,2,1,2.11,4414406.13
2850.09,4,3,3,4.82,9390537.31
4157.6,2,3,3,7.28,13387690.54
4861.86,6,1,3,6.48,15633886.04
3299.39,1,3,1,8.44,10893978.64
1381.92,5,1,2,8.92,5334155.59
3043.1,4,3,3,7.77,10334651.86
3493.39,1,4,3,4.56,11131483.1
2960.2,4,1,2,5.9,9710501.41
709.03,5,3,2,3.06,2780253.07
1899.42,2,4,3,2.72,6220433.89
833.2,5,3,3,7.51,3587153.53
899.16,1,3,1,6.74,3486630.58
4551.88,3,2,2,1.76,14045620.89
2356.78,5,3,3,8.1,8288895.29
1940.22,1,4,2,2.5,6259913.16
1956.56,3,4,1,4.75,6642249.73
4373.29,4,2,1,2.13,13541768.96
2167.89,2,2,3,7.58,7446601.73
3135.99,4,1,1,3.29,9996363.29
2058.56,6,4,3,7.87,7450965.85
3993.86,3,1,2,5.87,12770129.86
2409.0,1,2,2,5.6,7953450.81
4076.65,3,1,2,9.33,13422006.16
3964.97,3,4,1,2.94,12457711.13
3179.23,5,4,3,6.5,10603208.44
3190.55,5,4,2,6.72,10681049.21
4796.89,4,1,2,8.5,15498608.87
4954.82,5,2,1,2.98,15441720.52
2100.53,5,2,1,7.3,7358715.19
4599.17,3,1,1,4.52,14503720.46
1662.1,3,1,3,5.19,5695131.95
4116.52,4,4,3,6.04,13243514.03
4494.67,1,3,2,9.82,14591100.47
761.38,6,3,1,9.91,3626640.99
614.24,4,4,2,3.66,2497212.19
1423.13,4,2,2,2.9,4848055.44
2443.75,1,2,3,9.93,8462251.85
4408.7,6,2,1,5.91,14131290.12
2007.08,6,1,2,6.92,7141184.17
1721.07,2,2,3,1.43,5435576.91
541.39,5,4,2,9.91,2991455.75
4561.49,6,2,2,2.07,14262079.99
1664.51,3,4,3,4.61,5762015.85
711.35,4,3,2,1.89,2639144.07
2773.64,3,3,1,2.91,8842030.13
564.77,4,2,2,6.39,2574755.09
1870.76,2,1,1,6.07,6342367.04
1781.78,5,4,3,4.49,6223655.39
906.3,5,1,1,9.57,3919209.28
1730.33,3,2,1,6.26,5971923.85
3776.85,4,2,1,9.9,12662967.54
4257.19,3,1,1,8.4,13860718.14
2291.76,4,4,2,7.37,7881927.89
786.01,1,4,2,1.47,2663798.17
4677.43,4,4,2,3.25,14685229.86
4432.51,5,1,3,8.86,14439224.92
3343.27,4,1,3,7.11,11053557.01
4591.94,2,2,1,8.61,14781984.46
4144.44,5,3,2,8.44,13571061.84
1506.18,2,3,1,9.84,5812891.05
2475.37,6,4,1,3.62,8210455.03
4651.25,3,3,3,6.4,14802964.48
2513.36,3,3,1,4.72,8328278.11
1892.87,3,3,3,7.42,6696435.64
4136.54,5,2,2,9.54,13768635.66
1381.06,5,1,1,3.09,4677582.69
1509.21,5,4,2,5.93,5572071.96
1950.59,1,2,1,1.18,6129165.07
2693.44,4,1,2,4.21,8739208.11
2992.34,2,2,1,7.56,9904945.35
3125.16,3,3,1,5.31,10101945.24
3012.82,6,4,3,5.78,10167979.69
2527.45,2,2,1,5.76,8281140.22
1571.82,2,4,1,3.5,5321035.8
997.84,4,2,2,7.67,4019413.61
1798.84,6,1,2,4.95,6204738.88
1021.41,5,1,3,2.83,3791347.83
4510.14,4,2,1,9.48,14789706.32
1768.35,1,1,2,4.73,5957119.63
3962.72,1,4,1,5.97,12564458.68
4078.7,1,1,1,1.03,12439601.65
3465.16,1,4,3,5.56,11279060.1
4863.13,4,1,3,3.3,15193418.8
3291.39,5,3,3,6.67,10865666.46
1339.33,1,1,2,8.28,4909257.12
4825.36,4,4,3,4.36,15240901.2
3404.63,3,1,3,7.33,11141779.89
3635.32,4,1,3,3.66,11539175.85
2426.83,2,1,3,1.02,7563797.7
2762.24,3,1,2,2.14,8765259.9
4864.45,3,1,3,9.9,15890574.37
4588.03,3,2,3,9.45,14844990.68
520.84,2,4,2,9.42,2732655.94
4491.89,4,3,2,9.84,14766616.92
703.52,2,2,1,5.14,2652385.74
3281.98,1,3,3,7.96,10728873.62
1499.49,3,4,1,1.47,4961274.16
1753.91,3,2,3,8.18,6376974.92
2120.86,5,3,3,9.2,7629884.32
4762.62,4,4,3,7.77,15449982.36
3668.36,5,2,3,8.72,12325649.45
3492.67,2,4,2,4.7,11154906.01
2900.57,2,1,3,7.29,9616227.2
3159.02,6,3,3,6.63,10655475.27
3005.43,1,3,2,7.02,9879963.39
4715.73,5,2,3,7.73,15220221.14
4541.24,4,3,2,6.86,14609192.1
1317.19,4,1,1,3.28,4602222.05
1236.45,6,2,1,8.88,4961378.21
1943.51,1,2,2,8.91,6838363.88
4697.28,1,4,2,8.67,15055843.26
4548.09,6,1,1,7.89,14713730.56
835.48,5,1,2,1.41,3012560.82
3863.62,4,2,1,6.68,12603193.18
549.48,2,1,2,1.14,1956612.15
1498.87,5,1,3,9.22,5786463.0
1660.56,2,2,1,2.15,5343276.8
2814.05,2,2,1,8.56,9375264.01
956.62,6,3,3,3.93,3665002.51
955.05,5,1,2,9.56,4107930.27
2079.12,1,4,1,5.61,6998778.28
588.7,6,4,1,7.1,2872722.14
759.01,4,3,1,5.46,3128041.98
4309.04,3,4,1,3.51,13520435.61
1301.16,2,3,3,4.02,4580809.1
3041.79,3,1,2,9.35,10330792.83
2802.55,6,1,1,5.99,9376885.62
4229.32,3,1,2,7.54,13681930.55
3765.74,6,3,1,6.45,12318517.02
2133.87,6,3,1,1.85,6998989.46
912.12,1,2,2,6.02,3405956.83
2284.44,6,4,3,9.71,8384921.71
4378.04,1,2,1,3.64,13646120.76
558.93,1,2,3,7.78,2633241.62
3885.69,4,1,2,5.92,12482984.92
3606.78,5,3,2,8.82,12111472.4
3704.81,5,4,2,9.81,12519900.25
4505.02,1,4,2,3.06,14045035.61
3230.22,2,3,2,3.39,10250025.8
3193.96,5,2,3,1.0,9987823.14
4688.41,1,2,1,4.73,14571483.62
2214.01,4,2,3,6.4,7561463.86
3112.65,1,2,3,9.97,10473720.32
2835.13,1,1,2,8.02,9480646.19
4535.55,4,1,1,3.78,14285591.28
3506.38,3,3,3,9.86,11652589.33
1073.7,6,2,2,2.18,3874177.56
3878.92,6,4,2,2.09,12270598.45
2290.35,6,4,2,6.43,7919910.88
2462.57,5,2,1,8.06,8446403.2
4301.94,1,4,1,8.96,13847202.19
1268.99,1,4,3,4.13,4485654.71
1580.66,5,1,2,8.64,5902231.8
2823.35,3,4,3,4.58,9239979.59
4445.45,2,4,3,4.62,14075302.72
641.43,5,4,2,7.86,3046363.15
4009.44,5,1,1,8.06,13149572.03
4584.05,6,3,1,4.73,14600745.1
2468.64,5,2,3,7.0,8450130.88
3975.1,3,1,2,9.38,13022322.21
3281.58,4,3,2,1.57,10396837.38
2034.8,1,2,1,2.47,6499179.43
2004.1,4,3,1,2.04,6547189.67
4053.28,1,4,1,1.2,12449239.4
3185.79,6,2,3,2.3,10278501.88
3680.86,5,2,3,6.31,12021649.66
1183.56,6,3,2,3.81,4429895.62
2067.15,1,1,1,7.73,7123541.31
4574.08,3,2,1,3.44,14235806.88
4736.59,6,3,3,8.08,15466594.81
1745.95,6,2,3,8.75,6514130.18
4431.1,1,1,2,5.22,13892662.23
4408.11,5,4,2,8.71,14524660.21
1597.95,5,2,3,5.95,5738964.13
3630.87,5,1,2,4.33,11618011.55
3766.8,6,4,1,2.85,12004014.22
614.39,2,2,1,4.65,2476211.38
853.05,2,4,3,7.94,3647999.28
922.92,1,4,3,7.31,3762170.51
1590.84,5,3,3,1.5,5325928.08
4073.11,3,1,1,8.2,13246476.87
4616.81,6,1,1,8.68,15046613.88
4289.54,4,3,1,8.82,14051267.4
3173.59,4,1,1,2.67,10019209.74
4165.59,5,4,3,9.86,13836949.76
3464.12,1,4,1,8.25,11344581.64
3005.61,1,1,3,6.63,9719607.39
619.3,3,3,3,5.98,2686343.55
1753.66,4,3,2,4.52,6033496.06
884.06,5,2,2,4.35,3418199.68
4574.22,1,2,2,7.74,14676220.45
2339.3,3,1,1,2.73,7455043.24
1799.12,6,2,2,8.05,6600037.43
1280.18,5,3,1,4.38,4627985.72
683.28,5,3,2,4.67,2852661.83
3202.33,1,1,1,7.3,10452747.7
4109.89,5,2,1,5.17,13177981.44
2038.18,4,4,2,1.54,6571573.36
2883.43,3,2,1,8.9,9783302.79
1853.95,6,1,1,5.56,6450654.84
982.27,5,2,3,8.29,4190645.03
1422.43,4,1,1,9.45,5478473.66
1028.87,6,1,1,3.53,3840383.33
704.51,3,2,1,8.48,3095028.31
3423.35,4,1,1,2.84,10857394.39
4350.63,5,2,2,1.8,13605994.81
1763.48,2,4,1,5.98,6150541.92
2090.09,6,1,3,5.93,7254886.89
2251.83,3,2,1,9.06,7833868.24
3459.26,3,4,1,1.67,10877578.65
3225.99,2,2,3,9.24,10786429.36
4062.11,4,3,1,6.18,13087755.75
4033.29,1,2,3,9.77,13182289.44
3867.17,3,3,2,9.46,12807048.38
592.63,1,2,3,5.33,2502909.86
884.79,2,3,1,3.16,3149734.21
1161.83,1,4,1,8.21,4399473.13
3566.76,1,1,2,4.18,11192235.44
1444.58,3,4,1,6.12,5236155.22
2196.25,1,1,1,9.93,7725006.68
4729.24,2,4,1,6.04,14999670.34
2737.62,3,4,1,5.34,8967379.3
1115.99,4,1,2,6.23,4228295.6
817.56,2,3,1,9.32,3679118.4
2518.0,1,1,3,4.71,8087570.51
2480.69,3,3,1,8.56,8551120.89
4087.83,2,1,1,2.49,12659176.27
4614.34,6,4,1,2.23,14477202.23
4048.69,6,3,2,5.62,13059884.59
3394.8,5,1,3,8.45,11287259.34
2442.47,3,3,2,6.78,8318574.83
2240.31,5,1,1,9.84,8001770.61
2237.46,2,2,2,6.69,7404404.99
2784.25,5,2,3,5.27,9269488.93
683.49,4,2,2,7.09,3051646.49
1168.98,5,1,3,7.96,4648365.24
2008.39,2,2,3,5.62,6832551.32
1614.79,1,1,3,4.77,5454850.73
753.36,2,1,2,6.83,3061346.06
2194.09,5,3,3,4.73,7399741.76
4362.86,5,1,3,7.59,14179725.17
1633.1,4,2,2,4.34,5695027.01
3522.65,5,2,1,8.41,11628012.31
2388.2,3,2,1,8.06,8206004.28
2998.4,3,2,1,4.87,9734067.68
1926.15,6,2,2,1.06,6221304.52
4587.2,4,3,1,6.54,14647392.79
1325.32,5,4,2,5.0,4942738.12
4543.49,1,1,3,8.07,14509470.93
3369.01,4,3,3,6.77,11118712.68
2020.98,4,1,2,5.92,6974775.32
1316.46,5,1,1,4.07,4650750.93
1711.59,1,3,1,6.22,5890287.14
3632.13,1,1,1,1.45,11147719.6
3129.41,3,2,1,9.36,10552516.67
1076.21,3,3,3,1.72,3623421.24
2055.5,2,2,2,7.36,7119187.31
1223.07,1,4,3,5.51,4398257.48
3899.98,1,2,2,3.42,12234196.73
4533.51,3,3,2,2.79,14085484.83
1079.96,2,4,2,1.12,3541051.96
1262.72,3,4,1,7.95,4882357.75
4338.54,5,3,1,5.04,13864050.48
3115.57,4,2,2,5.77,10269063.21
3750.2,6,4,2,8.65,12668812.91
4643.93,4,4,3,4.99,14751348.17
2624.97,1,4,3,7.83,8884890.09
3065.28,2,4,3,6.65,10198776.06
4694.53,5,4,2,6.3,15129268.42
2633.78,6,1,3,2.89,8546857.43
4245.99,3,1,1,1.82,13060292.14
1010.63,2,4,2,2.68,3661354.13
3080.47,1,4,1,8.84,10263645.42
910.79,3,2,2,6.15,3561956.98
1202.08,1,3,2,9.11,4719766.81
1225.5,2,2,1,5.34,4282178.04
898.22,1,2,2,3.66,3213372.91
4391.25,4,4,3,4.99,13943300.53
3123.69,6,4,3,5.04,10371204.17
4112.84,5,3,3,7.34,13422428.29
2111.73,3,4,3,7.99,7528214.78
3138.03,3,1,2,9.9,10683247.02
4873.02,1,1,3,4.92,15289347.64
1133.86,5,4,3,7.96,4616245.23
3788.9,6,4,1,8.46,12539763.63
1718.75,2,3,3,9.89,6438372.91
1825.02,4,2,3,6.51,6450459.38
3658.85,4,4,1,4.95,11775354.01
4614.85,6,2,3,9.48,15240713.05
2801.04,4,3,1,8.26,9484662.92
2539.8,1,3,3,7.74,8602553.17
2582.06,1,3,3,6.98,8685464.64
1223.64,2,2,1,1.1,4035598.32
2984.21,4,4,2,9.47,10251747.36
2728.3,4,3,1,4.87,8935325.76
2385.16,5,1,3,3.51,7872804.52
1260.21,3,4,3,4.62,4560354.2
4665.06,2,3,2,3.13,14572045.77
4272.48,4,1,1,7.52,13769967.56
3431.39,4,3,1,4.2,11018398.22
2155.02,1,4,3,5.34,7167295.71
2910.99,6,3,2,7.43,9867678.9
3859.21,3,3,1,6.24,12536095.65
3469.93,1,1,2,4.7,10993000.52
3348.96,5,1,3,4.0,10768307.21
2136.33,2,1,1,7.04,7262986.26
3609.22,4,3,2,8.66,12002606.0
3654.36,2,1,1,6.5,11870893.61
1279.41,3,4,3,4.68,4596130.62
4517.02,5,3,1,2.7,14188191.21
4078.34,2,2,1,3.28,12698054.09
3508.89,4,3,2,4.92,11236416.56
3227.79,2,1,2,3.51,10170994.75
4235.99,1,3,1,9.93,13903110.48
1979.38,4,3,1,9.65,7238694.42
